Workbook

Sheet ГОСТ 8.423-81
A1: ="ПРОТОКОЛ ПОВЕРКИ" & CHAR(10) & "СЕКУНДОМЕРА МЕХАНИЧЕСКОГО" & CHAR(10) & "№ " & Данные!B8 -> ПРОТОКОЛ ПОВЕРКИ СЕКУНДОМЕРА МЕХАНИЧЕСКОГО №
A4: Наименование, тип: | F4: =Данные!B9 -> 0
A5: Заводской номер: | F5: =Данные!B10 -> 0
A6: Принадлежность: | F6: =Данные!B11 -> 0
A7: НТД по поверке: | F7: ГОСТ 8.423-81
A8: Применяемые эталоны: (средства измерений) | F8: =Данные!B12 -> 0
A10: Условия поверки: | F10: Допуск | H10: Измеренное значение | K10: Средство контроля
A12: температура,°C | F12: 15...25 | H12: =Данные!B15 -> 0 | K12: =Данные!B16 -> 0
A13: влажность, % | F13: 50...80 | H13: =Данные!B17 -> 0 | K13: =Данные!B18 -> 0
A14: давление, мм рт.ст. | F14: 630...795 | H14: =Данные!B19 -> 0 | K14: =Данные!B20 -> 0
A15: напряжение сети питания, В | F15: 198,0...242,0 | H15: =Данные!B21 -> 0 | K15: =Данные!B22 -> 0
A16: частота сети питания, Гц | F16: 49,0...51,0 | H16: =Данные!B23 -> 0 | K16: =Данные!B24 -> 0
A18: Операции поверки:
A20: 1. Внешний осмотр: | D20: =Данные!B25 -> 0
A22: 2. Опробование: | D22: =Данные!B26 -> 0
A24: 3. Определение метрологических характеристик
A26: № измерений | B26: Циферблатом вверх
B27: Погрешность измерений при интервалах времени 3 мин, 30 или 60 с. | G27: Погрешность измерений при интервалах времени 30 или 60 мин
B30: τд, с | C30: Δt, с | F30: Δtmax, с | G30: τд, мин, с | H30: Δt, с | K30: Δср, с | L30: Е, с
C31: 1 | D31: 2 | E31: 3 | H31: 1 | I31: 2 | J31: 3
B32: =Данные!B3 -> 0 | C32: =Данные!B4-B32 -> 0 | D32: =Данные!F4-B32 -> 0 | E32: =Данные!J4-B32 -> 0 | F32: =MAX(C32:E32) -> 0 | G32: =IF(VALUE(Данные!C3)<>180, VALUE(Данные!C3), "") -> 0 | H32: =IF(ISNUMBER(G32), Данные!C4 - G32, "") -> 0 | I32: =IF(ISNUMBER(G32), Данные!G4 - G32, "") -> 0 | J32: =IF(ISNUMBER(G32), Данные!K4 - G32, "") -> 0 | K32: =IF(ISNUMBER(G32), SUM(H32:J32)/3, "") -> 0 | L32: =IF(ISNUMBER(G32), TEXT(ABS(H32-K32), "0,0000") & ", " & TEXT(ABS(I32-K32), "0,0000") & ", " & TEXT(ABS(J32-K32), "0,0000"), "") -> 0,0000, 0,0000, 0,0000
B33: =IF(VALUE(Данные!C3)=180, VALUE(Данные!C3), "") | C33: =IF(ISNUMBER(B33), Данные!C4 - B33, "") | D33: =IF(ISNUMBER(B33), Данные!G4 - B33, "") | E33: =IF(ISNUMBER(B33), Данные!K4 - B33, "") | F33: =IF(ISNUMBER(B33), MAX(C33:E33), "")
A34: № измерений | B34: Кнопкой управления вверх
B36: τд, с | C36: Δt, с | F36: Δtmax, с | G36: τд, мин, с | H36: Δt, с | K36: Δср, с | L36: Е, с
C37: 1 | D37: 2 | E37: 3 | H37: 1 | I37: 2 | J37: 3
B38: =Данные!D3 -> 0 | C38: =Данные!D4-B38 -> 0 | D38: =Данные!H4-B38 -> 0 | E38: =Данные!L4-B38 -> 0 | F38: =MAX(C38:E38) -> 0 | G38: =IF(VALUE(Данные!E3)<>180, VALUE(Данные!E3), "") -> 0 | H38: =IF(ISNUMBER(G38), Данные!E4 - G38, "") -> 0 | I38: =IF(ISNUMBER(G38), Данные!I4 - G38, "") -> 0 | J38: =IF(ISNUMBER(G38), Данные!M4 - G38, "") -> 0 | K38: =IF(ISNUMBER(G38), SUM(H38:J38)/3, "") -> 0 | L38: =IF(ISNUMBER(G38), TEXT(ABS(H38-K38), "0,0000") & ", " & TEXT(ABS(I38-K38), "0,0000") & ", " & TEXT(ABS(J38-K38), "0,0000"), "") -> 0,0000, 0,0000, 0,0000
B39: =IF(VALUE(Данные!E3)=180, VALUE(Данные!E3), "") | C39: =IF(ISNUMBER(B39), Данные!E4 - B39, "") | D39: =IF(ISNUMBER(B39), Данные!I4 - B39, "") | E39: =IF(ISNUMBER(B39), Данные!M4 - B39, "") | F39: =IF(ISNUMBER(B39), MAX(C39:E39), "")
A42: Результаты поверки: | D42: Брак/Годен
A44: ="Поверитель: " & Данные!B14 -> Поверитель:
A46: ="Дата поверки: " & DAY(DATEVALUE(LEFT(Данные!B2, 5) & "-" & MID(Данные!B2, 7, 2) & "-" & MID(Данные!B2, 10, 2))) & "." & MONTH(DATEVALUE(LEFT(Данные!B2, 5) & "-" & MID(Данные!B2, 7, 2) & "-" & MID(Данные!B2, 10, 2))) & "." & YEAR(DATEVALUE(LEFT(Данные!B2, 5) & "-" & MID(Данные!B2, 7, 2) & "-" & MID(Данные!B2, 10, 2))) -> #VALUE!

Sheet ГОСТ 8.423-81 (2)
A4: ПРОТОКОЛ ПОВЕРКИ СЕКУНДОМЕРА
A7: ="ПРОТОКОЛ ПОВЕРКИ № " & Данные!B8 -> ПРОТОКОЛ ПОВЕРКИ №
A9: ="Тип секундомера " & Данные!B9 -> Тип секундомера
A11: ="Заводской № " & Данные!B10 -> Заводской №
A13: ="Представлен " & Данные!B11 -> Представлен
A15: ="Средства поверки " & Данные!B12 -> Средства поверки
A17: № измерений | B17: Циферблатом вверх
B18: Погрешность измерений при интервалах времени 3 мин, 30 или 60 с. | G18: Погрешность измерений при интервалах времени 30 или 60 мин
B21: τд, с | C21: Δt, с | F21: Δtmax, с | G21: τд, мин, с | H21: Δt, с | K21: Δср, с | L21: Е, с
C22: 1 | D22: 2 | E22: 3 | H22: 1 | I22: 2 | J22: 3
A24: 1 | B24: =Данные!B3 -> 0 | C24: =Данные!B4-B24 -> 0 | D24: =Данные!F4-B24 -> 0 | E24: =Данные!J4-B24 -> 0 | F24: =MAX(C24:E24) -> 0 | G24: =IF(VALUE(Данные!C3)<>180, VALUE(Данные!C3), "") -> 0 | H24: =IF(ISNUMBER(G24), Данные!C4 - G24, "") -> 0 | I24: =IF(ISNUMBER(G24), Данные!G4 - G24, "") -> 0 | J24: =IF(ISNUMBER(G24), Данные!K4 - G24, "") -> 0 | K24: =IF(ISNUMBER(G24), SUM(H24:J24)/3, "") -> 0 | L24: =IF(ISNUMBER(G24), TEXT(ABS(H24-K24), "0,0000") & ", " & TEXT(ABS(I24-K24), "0,0000") & ", " & TEXT(ABS(J24-K24), "0,0000"), "") -> 0,0000, 0,0000, 0,0000
A26: 2 | B26: =IF(VALUE(Данные!C3)=180, VALUE(Данные!C3), "") | C26: =IF(ISNUMBER(B26), Данные!C4 - B26, "") | D26: =IF(ISNUMBER(B26), Данные!G4 - B26, "") | E26: =IF(ISNUMBER(B26), Данные!K4 - B26, "") | F26: =IF(ISNUMBER(B26), MAX(C26:E26), "")
A28: № измерений | B28: Кнопкой управления вверх
B29: Погрешность измерений при интервалах времени 3 мин, 30 или 60 с. | G29: Погрешность измерений при интервалах времени 30 или 60 мин
B32: τд, с | C32: Δt, с | F32: Δtmax, с | G32: τд, мин, с | H32: Δt, с | K32: Δср, с | L32: Е, с
C33: 1 | D33: 2 | E33: 3 | H33: 1 | I33: 2 | J33: 3
A35: 1 | B35: =Данные!D3 -> 0 | C35: =Данные!D4-B35 -> 0 | D35: =Данные!H4-B35 -> 0 | E35: =Данные!L4-B35 -> 0 | F35: =MAX(C35:E35) -> 0 | G35: =IF(VALUE(Данные!E3)<>180, VALUE(Данные!E3), "") -> 0 | H35: =IF(ISNUMBER(G35), Данные!E4 - G35, "") -> 0 | I35: =IF(ISNUMBER(G35), Данные!I4 - G35, "") -> 0 | J35: =IF(ISNUMBER(G35), Данные!M4 - G35, "") -> 0 | K35: =IF(ISNUMBER(G35), SUM(H35:J35)/3, "") -> 0 | L35: =IF(ISNUMBER(G35), TEXT(ABS(H35-K35), "0,0000") & ", " & TEXT(ABS(I35-K35), "0,0000") & ", " & TEXT(ABS(J35-K35), "0,0000"), "") -> 0,0000, 0,0000, 0,0000
A37: 2 | B37: =IF(VALUE(Данные!E3)=180, VALUE(Данные!E3), "") | C37: =IF(ISNUMBER(B37), Данные!E4 - B37, "") | D37: =IF(ISNUMBER(B37), Данные!I4 - B37, "") | E37: =IF(ISNUMBER(B37), Данные!M4 - B37, "") | F37: =IF(ISNUMBER(B37), MAX(C37:E37), "")
A39: ="Заключение по результатам поверки " & Данные!B13 -> Заключение по результатам поверки
A43: ="Подпись поверителя "& Данные!B14 &" ________ " & DAY(DATEVALUE(LEFT(Данные!B2, 5) & "-" & MID(Данные!B2, 7, 2) & "-" & MID(Данные!B2, 10, 2))) & "." & MONTH(DATEVALUE(LEFT(Данные!B2, 5) & "-" & MID(Данные!B2, 7, 2) & "-" & MID(Данные!B2, 10, 2))) & "." & YEAR(DATEVALUE(LEFT(Данные!B2, 5) & "-" & MID(Данные!B2, 7, 2) & "-" & MID(Данные!B2, 10, 2))) -> #VALUE!

Sheet Данные
A1: Номер измерения | B1: 0
A2: Дата | B2: 0
A3: Интервал измерения | B3: 0
A4: Результат | B4: 0
A5: Комментарий | B5: 0
A6: Положение секундомера | B6: 0

Sheet Справка
A1: Для корректной вставки результатов измерений в поля отчета необходимо проводить измерения в следующем порядке: 1. Короткий интервал, измерение 1 (горизонтально) 2. Длинный интервал, измерение 1 (горизонтально) 3. Короткий интервал, измерение 1 (вертикально) 4. Длинный интервал, измерение 1 (вертикально) 5. Короткий интервал, измерение 2 (горизонтально) 6. Длинный интервал, измерение 2 (горизонтально) 7. Короткий интервал, измерение 2 (вертикально) 8. Длинный интервал, измерение 2 (вертикально) 9. Короткий интервал, измерение 3 (горизонтально) 10. Длинный интервал, измерение 3 (горизонтально) 11. Короткий интервал, измерение 3 (вертикально) 12. Длинный интервал, измерение 3 (вертикально) Для автоматической генерации данной последовательности измерений в установке необходимо выставить следующие параметры: Интервал №1: короткий интервал Интервал №2: длинный интервал Автоматический режим: Вкл Поверять горизонтально: Вкл Поверять вертикально: Вкл Кол-во повтор. в авто реж.: 3
