Workbook

Sheet Mechanical clock
A1: ="MECHANICAL CLOCK" & CHAR(10) & " CALIBRATION RECORD" & CHAR(10) & " # " & Data!B8 -> MECHANICAL CLOCK CALIBRATION RECORD #
A4: Designation, type: | F4: =Data!B9 -> 0
A5: Factory #: | F5: =Data!B10 -> 0
A6: Accessory: | F6: =Data!B11 -> 0
A7: Standards used: (measuring instruments) | F7: =Data!B12 -> 0
A9: Calibration conditions: | F9: Tolerance | H9: Measured value
A11: temperature, °C | F11: 15...25 | H11: =Data!B15 -> 0
A12: humidity, % | F12: 50...80 | H12: =Data!B16 -> 0
A14: Calibration operations:
A16: 1. External inspection: | F16: Fail/Pass
A18: 2. Determination of daily and average daily rate: | F18: Fail/Pass
A20: 3. Checking start-up and commencement of operation | F20: Fail/Pass
A22: 4. Checking the winding mechanism operation | F22: Fail/Pass
A24: 5. Checking the stopwatch hands return | F24: Fail/Pass
A26: 6. Checking hands consistency | F26: Fail/Pass
A28: 7. Checking the stopwatch hands offset | F28: Fail/Pass
A30: 8. Checking the presence and sequence of closing contacts during the stopwatch mechanism operation (for 59CHP clock) | F30: Fail/Pass
A34: 9. Insulation resistance testing. Checking the temperature regulator operation (for 123CHS, 124CHS clock) | F34: Fail/Pass
A40: Calibration results: | D40: =IF(AND(F16="Pass", F18="Pass", F20="Pass", F22="Pass", F24="Pass", F26="Pass", F28="Pass", F30="Pass", F34="Pass"), "Pass", "Fail") -> Fail
A42: ="Calibration officer: " -> Calibration officer: | D42: =Data!B14 -> 0
A44: ="Calibration date: " -> Calibration date: | D44: =Data!B2 -> 0

Sheet ACHS-watch
A1: ="MECHANICAL CLOCK" & CHAR(10) & " CALIBRATION RECORD" & CHAR(10) & " # " & Data!B8 -> MECHANICAL CLOCK CALIBRATION RECORD #
A4: Designation, type: | F4: =Data!B9 -> 0
A5: Factory #: | F5: =Data!B10 -> 0
A6: Accessory: | F6: =Data!B11 -> 0
A7: Standards used: (measuring instruments) | F7: =Data!B12 -> 0
A9: Calibration conditions: | F9: Tolerance | H9: Measured value
A11: temperature, °C | F11: 15...25 | H11: =Data!B15 -> 0
A12: humidity, % | F12: 50...80 | H12: =Data!B16 -> 0
A15: Calibration operations:
A17: 1. External inspection: | D17: Fail/Pass
A19: 2. Testing | D19: Fail/Pass
A21: 3. Determination of metrological characteristics
A23: Operation | E23: Allowed value | I23: Measured value
A24: Insulation resistance testing | E24: 20 Mohm min | I24: =Data!B12 -> 0
A26: Determination of daily and average daily rate | E26: ±20 s
A33: Calibration results | D33: =IF(AND(I24 >= 20, 1), "Pass", "Fail") -> Fail
A35: ="Calibration officer: " -> Calibration officer: | D35: =Data!B14 -> 0
A37: ="Calibration date: " -> Calibration date: | D37: =Data!B2 -> 0

Sheet Data
A1: Measurement # | B1: 0
A2: Date | B2: 0
A3: Measurement interval | B3: 0
A4: Result | B4: 0
A5: Comment | B5: 0
