Workbook

Sheet Часы технические
A1: ="ПРОТОКОЛ ПОВЕРКИ" & CHAR(10) & "ЧАСОВ ТЕХНИЧЕСКИХ" & CHAR(10) & "№ " & Данные!B8 -> ПРОТОКОЛ ПОВЕРКИ ЧАСОВ ТЕХНИЧЕСКИХ №
A4: Наименование, тип: | F4: =Данные!B9 -> 0
A5: Заводской номер: | F5: =Данные!B10 -> 0
A6: Принадлежность: | F6: =Данные!B11 -> 0
A7: НТД по поверке: | F7: гМ2.813.004 МУ
A8: Применяемые эталоны: (средства измерений) | F8: =Данные!B12 -> 0
A10: Условия поверки: | F10: Допуск | H10: Измеренное значение | K10: Средство контроля
A12: температура,°C | F12: 15...25 | H12: =Данные!B15 -> 0 | K12: =Данные!B16 -> 0
A13: влажность, % | F13: 50...80 | H13: =Данные!B17 -> 0 | K13: =Данные!B18 -> 0
A14: давление, мм рт.ст. | F14: 630...795 | H14: =Данные!B19 -> 0 | K14: =Данные!B20 -> 0
A15: напряжение сети питания, В | F15: 198,0...242,0 | H15: =Данные!B21 -> 0 | K15: =Данные!B22 -> 0
A16: частота сети питания, Гц | F16: 49,0...51,0 | H16: =Данные!B23 -> 0 | K16: =Данные!B24 -> 0
A18: Операции поверки:
A20: 1. Внешний осмотр: | F20: =Данные!B25 -> 0
A22: 2. Определение суточного и средне-суточного хода: | F22: Брак/Годен
A24: 3. Проверка пуска и начала работы | F24: Брак/Годен
A26: 4. Проверка действия заводного механизма | F26: Брак/Годен
A28: 5. Проверка возврата стрелок механизма секундомера | F28: Брак/Годен
A30: 6. Проверка согласованности стрелок | F30: Брак/Годен
A32: 7. Проверка смещения стрелок механизма секундомера | F32: Брак/Годен
A34: 8. Проверка наличия и последовательности замыкания контактов во время работы механизма секундомера (для часов 59ЧП) | F34: Брак/Годен
A38: 9. Проверка электрического сопротивления изоляции. Проверка работы терморегулятора (для часов 123ЧС, 124 ЧС) | F38: Брак/Годен
A44: Результаты поверки: | D44: =IF(AND(F20="Годен", F22="Годен", F24="Годен", F26="Годен", F28="Годен", F30="Годен", F32="Годен", F34="Годен", F38="Годен"), "Годен", "Брак") -> Брак
A46: ="Поверитель: " & Данные!B14 -> Поверитель:
A48: ="Дата поверки: " & DAY(DATEVALUE(LEFT(Данные!B2, 5) & "-" & MID(Данные!B2, 7, 2) & "-" & MID(Данные!B2, 10, 2))) & "." & MONTH(DATEVALUE(LEFT(Данные!B2, 5) & "-" & MID(Данные!B2, 7, 2) & "-" & MID(Данные!B2, 10, 2))) & "." & YEAR(DATEVALUE(LEFT(Данные!B2, 5) & "-" & MID(Данные!B2, 7, 2) & "-" & MID(Данные!B2, 10, 2))) -> #VALUE!

Sheet Часы АЧС-1
A1: ="ПРОТОКОЛ ПОВЕРКИ" & CHAR(10) & "ЧАСОВ ТЕХНИЧЕСКИХ" & CHAR(10) & "№ " & Данные!B8 -> ПРОТОКОЛ ПОВЕРКИ ЧАСОВ ТЕХНИЧЕСКИХ №
A4: Наименование, тип: | F4: =Данные!B9 -> 0
A5: Заводской номер: | F5: =Данные!B10 -> 0
A6: Принадлежность: | F6: =Данные!B11 -> 0
A7: НТД по поверке: | F7: МП 80-262-2004
A8: Применяемые эталоны: (средства измерений) | F8: =Данные!B12 -> 0
A10: Условия поверки: | F10: Допуск | H10: Измеренное значение | K10: Средство контроля
A12: температура,°C | F12: 15...25 | H12: =Данные!B15 -> 0 | K12: =Данные!B16 -> 0
A13: влажность, % | F13: 50...80 | H13: =Данные!B17 -> 0 | K13: =Данные!B18 -> 0
A14: давление, мм рт.ст. | F14: 630...795 | H14: =Данные!B19 -> 0 | K14: =Данные!B20 -> 0
A15: напряжение сети питания, В | F15: 198,0...242,0 | H15: =Данные!B21 -> 0 | K15: =Данные!B22 -> 0
A16: частота сети питания, Гц | F16: 49,0...51,0 | H16: =Данные!B23 -> 0 | K16: =Данные!B24 -> 0
A19: Операции поверки:
A21: 1. Внешний осмотр: | D21: =Данные!B25 -> 0
A23: 2. Опробование: | D23: =Данные!B26 -> 0
A25: 3. Определение метрологических характеристик
A27: Наименование операции | E27: Допускаемое значение | I27: Измеренное значение
A28: Поверка электрического сопротивления изоляции | E28: не менее 20 МОм | I28: =Данные!B27 -> 0
A30: Определение суточного и среднесуточного ход | E30: ±20 с
A37: Результаты поверки: | D37: =IF(AND(I28 >= 20, 1), "Годен", "Брак") -> Брак
A39: ="Поверитель: " & Данные!B14 -> Поверитель:
A41: ="Дата поверки: " & DAY(DATEVALUE(LEFT(Данные!B2, 5) & "-" & MID(Данные!B2, 7, 2) & "-" & MID(Данные!B2, 10, 2))) & "." & MONTH(DATEVALUE(LEFT(Данные!B2, 5) & "-" & MID(Данные!B2, 7, 2) & "-" & MID(Данные!B2, 10, 2))) & "." & YEAR(DATEVALUE(LEFT(Данные!B2, 5) & "-" & MID(Данные!B2, 7, 2) & "-" & MID(Данные!B2, 10, 2))) -> #VALUE!

Sheet Данные
A1: Номер измерения | B1: 0
A2: Дата | B2: 0
A3: Интервал измерения | B3: 0
A4: Результат | B4: 0
A5: Комментарий | B5: 0

Sheet Фото
