Workbook

Sheet (1-10) с
A1: ="ПРОТОКОЛ ПОВЕРКИ" & CHAR(10) & "СЕКУНДОМЕРА ЭЛЕКТРИЧЕСКОГО" & CHAR(10) & "№ " & Данные!B8 -> ПРОТОКОЛ ПОВЕРКИ СЕКУНДОМЕРА ЭЛЕКТРИЧЕСКОГО №
A4: Наименование, тип: | F4: =Данные!B9 -> 0
A5: Заводской номер: | F5: =Данные!B10 -> 0
A6: Принадлежность: | F6: =Данные!B11 -> 0
A7: НТД по поверке: | F7: ГОСТ 8.423-81
A8: Применяемые эталоны: (средства измерений) | F8: =Данные!B12 -> 0
A10: Условия поверки: | F10: Допуск | H10: Измеренное значение | K10: Средство контроля
A12: температура,°C | F12: 15...25 | H12: =Данные!B15 -> 0 | K12: =Данные!B16 -> 0
A13: влажность, % | F13: 50...80 | H13: =Данные!B17 -> 0 | K13: =Данные!B18 -> 0
A14: давление, мм рт.ст. | F14: 630...795 | H14: =Данные!B19 -> 0 | K14: =Данные!B20 -> 0
A15: напряжение сети питания, В | F15: 198,0...242,0 | H15: =Данные!B21 -> 0 | K15: =Данные!B22 -> 0
A16: частота сети питания, Гц | F16: 49,0...51,0 | H16: =Данные!B23 -> 0 | K16: =Данные!B24 -> 0
A18: Операции поверки:
A20: 1. Внешний осмотр: | D20: =Данные!B25 -> 0
A22: 2. Опробование: | D22: =Данные!B26 -> 0
A24: 3. Определение метрологических характеристик
A26: Поверяемая отметка | D26: Допускаемое значение, с | H26: Абсолютная погрешность, с
A27: 0.1 | D27: ±0,03 | H27: =Данные!B4 - 0.1 -> -0.1
A28: 0.2 | D28: ±0,03 | H28: =Данные!C4 - 0.2 -> -0.2
A29: 0.3 | D29: ±0,03 | H29: =Данные!D4 - 0.3 -> -0.3
A30: 0.4 | D30: ±0,03 | H30: =Данные!E4 - 0.4 -> -0.4
A31: 0.5 | D31: ±0,03 | H31: =Данные!F4 - 0.5 -> -0.5
A32: 0.6 | D32: ±0,03 | H32: =Данные!G4 - 0.6 -> -0.6
A33: 0.7 | D33: ±0,03 | H33: =Данные!H4 - 0.7 -> -0.7
A34: 0.8 | D34: ±0,03 | H34: =Данные!I4 - 0.8 -> -0.8
A35: 0.9 | D35: ±0,03 | H35: =Данные!J4 - 0.9 -> -0.9
A36: 1 | D36: ±0,03 | H36: =Данные!K4 - 1 -> -1
A37: 5 | D37: ±0,05 | H37: =Данные!L4 - 5 -> -5
A38: 10 | D38: ±0,05 | H38: =Данные!M4 - 10 -> -10
A40: Результаты поверки: | D40: =IF(OR(ABS(H27)>0.03,ABS(H28)>0.03,ABS(H29)>0.03,ABS(H30)>0.03, ABS(H31)>0.03, ABS(H32)>0.03, ABS(H33)>0.03, ABS(H34)>0.03,ABS(H35)>0.03, ABS(H36)>0.03, ABS(H37)>0.05,ABS(H38)>0.05), "Брак","Годен") -> Брак
A42: ="Поверитель: " & Данные!B14 -> Поверитель:
A44: ="Дата поверки: " & DAY(DATEVALUE(LEFT(Данные!B2, 5) & "-" & MID(Данные!B2, 7, 2) & "-" & MID(Данные!B2, 10, 2))) & "." & MONTH(DATEVALUE(LEFT(Данные!B2, 5) & "-" & MID(Данные!B2, 7, 2) & "-" & MID(Данные!B2, 10, 2))) & "." & YEAR(DATEVALUE(LEFT(Данные!B2, 5) & "-" & MID(Данные!B2, 7, 2) & "-" & MID(Данные!B2, 10, 2))) -> #VALUE!

Sheet 0,1 c - 10 мин
A1: ="ПРОТОКОЛ ПОВЕРКИ" & CHAR(10) & "СЕКУНДОМЕРА ЭЛЕКТРИЧЕСКОГО" & CHAR(10) & "№ " & Данные!B8 -> ПРОТОКОЛ ПОВЕРКИ СЕКУНДОМЕРА ЭЛЕКТРИЧЕСКОГО №
A4: Наименование, тип: | F4: =Данные!B9 -> 0
A5: Заводской номер: | F5: =Данные!B10 -> 0
A6: Принадлежность: | F6: =Данные!B11 -> 0
A7: НТД по поверке: | F7: ГОСТ 8.423-81
A8: Применяемые эталоны: (средства измерений) | F8: =Данные!B12 -> 0
A10: Условия поверки: | F10: Допуск | H10: Измеренное значение | K10: Средство контроля
A12: температура,°C | F12: 15...25 | H12: =Данные!B15 -> 0 | K12: =Данные!B16 -> 0
A13: влажность, % | F13: 50...80 | H13: =Данные!B17 -> 0 | K13: =Данные!B18 -> 0
A14: давление, мм рт.ст. | F14: 630...795 | H14: =Данные!B19 -> 0 | K14: =Данные!B20 -> 0
A15: напряжение сети питания, В | F15: 198,0...242,0 | H15: =Данные!B21 -> 0 | K15: =Данные!B22 -> 0
A16: частота сети питания, Гц | F16: 49,0...51,0 | H16: =Данные!B23 -> 0 | K16: =Данные!B24 -> 0
A18: Операции поверки:
A20: 1. Внешний осмотр: | D20: =Данные!B25 -> 0
A22: 2. Опробование: | D22: =Данные!B26 -> 0
A24: 3. Определение метрологических характеристик
A26: Поверяемая отметка | D26: Допускаемое значение, с | H26: Абсолютная погрешность, с
A27: 0,5 с | D27: ±0,01 | H27: =Данные!B4 - 0.5 -> -0.5
A28: 0,7 с | D28: ±0,01 | H28: =Данные!C4 - 0.7 -> -0.7
A29: 1,1 с | D29: ±0,015 | H29: =Данные!D4 - 1.1 -> -1.1
A30: 5,0 с | D30: ±0,015 | H30: =Данные!E4 - 5 -> -5
A31: 30 с | D31: ±0,015 | H31: =Данные!F4 - 30 -> -30
A32: 40 с | D32: ±0,015 | H32: =Данные!G4 - 40 -> -40
A33: 1 мин | D33: ±0,015 | H33: =Данные!H4 - 60 -> -60
A34: 5 мин | D34: ±0,015 | H34: =Данные!I4 - 300 -> -300
A35: 10 мин | D35: ±0,015 | H35: =Данные!J4 - 600 -> -600
A39: Результаты поверки: | D39: =IF(OR(ABS(H27)>0.01,ABS(H28)>0.01,ABS(H29)>0.015,ABS(H30)>0.015,ABS(H31)>0.015,ABS(H32)>0.015,ABS(H33)>0.015,ABS(H34)>0.015,ABS(H35)>0.015), "Брак","Годен") -> Брак
A41: ="Поверитель: " & Данные!B14 -> Поверитель:
A43: ="Дата поверки: " & DAY(DATEVALUE(LEFT(Данные!B2, 5) & "-" & MID(Данные!B2, 7, 2) & "-" & MID(Данные!B2, 10, 2))) & "." & MONTH(DATEVALUE(LEFT(Данные!B2, 5) & "-" & MID(Данные!B2, 7, 2) & "-" & MID(Данные!B2, 10, 2))) & "." & YEAR(DATEVALUE(LEFT(Данные!B2, 5) & "-" & MID(Данные!B2, 7, 2) & "-" & MID(Данные!B2, 10, 2))) -> #VALUE!

Sheet (0,3 -20) мин
A1: ="ПРОТОКОЛ ПОВЕРКИ" & CHAR(10) & "СЕКУНДОМЕРА ЭЛЕКТРИЧЕСКОГО" & CHAR(10) & "№ " & Данные!B8 -> ПРОТОКОЛ ПОВЕРКИ СЕКУНДОМЕРА ЭЛЕКТРИЧЕСКОГО №
A4: Наименование, тип: | F4: =Данные!B9 -> 0
A5: Заводской номер: | F5: =Данные!B10 -> 0
A6: Принадлежность: | F6: =Данные!B11 -> 0
A7: НТД по поверке: | F7: ГОСТ 8.423-81
A8: Применяемые эталоны: (средства измерений) | F8: =Данные!B12 -> 0
A10: Условия поверки: | F10: Допуск | H10: Измеренное значение | K10: Средство контроля
A12: температура,°C | F12: 15...25 | H12: =Данные!B15 -> 0 | K12: =Данные!B16 -> 0
A13: влажность, % | F13: 50...80 | H13: =Данные!B17 -> 0 | K13: =Данные!B18 -> 0
A14: давление, мм рт.ст. | F14: 630...795 | H14: =Данные!B19 -> 0 | K14: =Данные!B20 -> 0
A15: напряжение сети питания, В | F15: 198,0...242,0 | H15: =Данные!B21 -> 0 | K15: =Данные!B22 -> 0
A16: частота сети питания, Гц | F16: 49,0...51,0 | H16: =Данные!B23 -> 0 | K16: =Данные!B24 -> 0
A18: Операции поверки:
A20: 1. Внешний осмотр: | D20: =Данные!B25 -> 0
A22: 2. Опробование: | D22: =Данные!B26 -> 0
A24: 3. Определение метрологических характеристик
A26: Поверяемая отметка | D26: Допускаемое значение, с | H26: Абсолютная погрешность, с
A27: 22 с | D27: ±0,1 | H27: =Данные!B4 - 22 -> -22
A28: 30 с | D28: ±0,1 | H28: =Данные!C4 - 30 -> -30
A29: 1 мин | D29: ±0,1 | H29: =Данные!D4 - 60 -> -60
A30: 5 мин | D30: ±0,1 | H30: =Данные!E4 - 300 -> -300
A31: 10 мин | D31: ±0,1 | H31: =Данные!F4 - 600 -> -600
A32: 15 мин | D32: ±0,1 | H32: =Данные!G4 - 900 -> -900
A33: 20 мин | D33: ±0,1 | H33: =Данные!H4 - 1200 -> -1200
A39: Результаты поверки: | D39: =IF(OR(ABS(H27)>0.1,ABS(H28)>0.1,ABS(H29)>0.1,ABS(H30)>0.1,ABS(H31)>0.1,ABS(H32)>0.1,ABS(H33)>0.1), "Брак","Годен") -> Брак
A41: ="Поверитель: " & Данные!B14 -> Поверитель:
A43: ="Дата поверки: " & DAY(DATEVALUE(LEFT(Данные!B2, 5) & "-" & MID(Данные!B2, 7, 2) & "-" & MID(Данные!B2, 10, 2))) & "." & MONTH(DATEVALUE(LEFT(Данные!B2, 5) & "-" & MID(Данные!B2, 7, 2) & "-" & MID(Данные!B2, 10, 2))) & "." & YEAR(DATEVALUE(LEFT(Данные!B2, 5) & "-" & MID(Данные!B2, 7, 2) & "-" & MID(Данные!B2, 10, 2))) -> #VALUE!

Sheet Данные
A1: Номер измерения | B1: 0
A2: Дата | B2: 0
A3: Интервал измерения | B3: 0
A4: Результат | B4: 0
A5: Комментарий | B5: 0

Sheet Справка
A1: Для корректной вставки результатов измерений в поля протокола необходимо проводить измерения в порядке, указанном в таблице соответствующего протокола
